new menu,bench marks,,,,
TBM Map,BOUNDARY MAP.dwg,BOUNDARY MAP-Model.pdf,,,
new menu,structures,,,,
ADLURU,ADLURU.dwg,ADLURE-1.tif,,,
BHATRAPALEM,,,BHATRAPALEM-1.jpg,,
BHATRAPALEM,,,BHATRAPALEM-2.jpg,,
BHATRAPALEM,,,BHATRAPALEM-3.jpg,,
BHATRAPALEM,,,BHATRAPALEM-4.jpg,,
BHATRAPALEM,,,BHATRAPALEM-5.jpg,,
BHATRAPALEM,,,BHATRAPALEM-6.jpg,,
BHATRAPALEM,,,BHATRAPALEM-7.jpg,,
BHATRAPALEM,,,BHATRAPALEM-8.jpg,,
BHATRAPALEM,,,BHATRAPALEM-9.jpg,,
CHINTRIYALA,CHINTRIYALA.dwg,,chintriyala.jpg,,
CHINTRIYALA,CHINTRIYALANEW.dwg,,,,
DAIDA,,DAIDA-1.tif,,,
DAIDA,,DAIDA-2.tif,,,
DAIDA,,DAIDA-3.tif,,,
DAIDA,,DAIDA-4.tif,,,
DAIDA,,DAIDA-5.tif,,,
DAIDA,,DAIDA-6.tif,,,
DAIDA,,DAIDA-7.tif,,,
ERIKI GUDEAM,IRIKIGUDEM.dwg,,ERIKI GUDEAM.jpg,,
GANESH PADU,Ganesh Padu.dwg,GANESH PADU.tif,,,
GUNDEBOYANAGUDEM,GUNDEBOYIGUDEM.dwg,GUNDEBOYANAGUDEM.tif,,,
GUNDLAPALLI,GUNDLAPALLI.dwg,,,,
Mahankali Gudem,Mahankali Gudem.dwg,,,,
MATTAPALLI,MATTAPALLI.dwg,MATTAPALLI.tif,,,
NEMALIPURI,NEMALIPURI.dwg,NEMALIPURI-1.tif,,,
NEMALIPURI,,NEMALIPURI-2.tif,,,
Pondugula,,Pondugula.tif,,,
RAGHUNADHAPALEM,Raghunadha palem new.dwg,,RAGHUNADHAPALEM-7.jpg,,
RAMAPURAM,,,RAMAPURAM-1.jpg,,
RAMAPURAM,,,RAMAPURAM-2.jpg,,
Ravi Phahad,Ravi Phahad.dwg,,ravipahad.jpg,,
REBALLE,REBALLE.dwg,REBALE-1.tif,,,
REBALLE,,REBALE-2.tif,,,
TANGEDA,,TANGEDA-1.tif,,,
TANGEDA,,TANGEDA-2.tif,,,
TANGEDA,,TANGEDA-3.tif,,,
TANGEDA,,TANGEDA-4.tif,,,
THIMMAVARAM,THIMMAVARAM.dwg,THIMAVARAM-1.tif,,,
THIMMAVARAM,,THIMAVARAM-2.tif,,,
VADAPALLI,VADAPALLI.dwg,vadapally map1.tif,,,
VELUTURU,VELUTURU.dwg,,velatore.jpg,,
new menu,village maps,,,,
DAIDA,1) DAIDA.dwg,1) DAIDA-Model.pdf
NEMALIPURI,1) NEMALIPURI.dwg,1) NEMALIPURI-Model.pdf
PANDUGOLA,2) PANDUGOLA.dwg,2) PANDUGOLA-Model.pdf
VELATURE,2) VELATURE.dwg,2) VELATURE-Model.pdf
ADLURU,3) ADLURU.dwg,3) ADLURU-Model.pdf
RAMAPURAM,3) RAMAPURAM.dwg,3) RAMAPURAM-Model.pdf
BHATRAPALEM,4) BHATRAPALEM.dwg,4) BHATRAPALEM-Model.pdf
THIMMAVARAM,4) THIMMAVARAM.dwg,4) THIMMAVARAM-Model.pdf
REBALLE,5) REBALLE.dwg,5) REBALLE-Model.pdf
TANGEDA,5) TANGEDA.dwg,5) TANGEDA-Model.pdf
CHINTRIYALA,6) CHINTRIYALA.dwg,6) CHINTRIYALA-Model.pdf
Raghunadha palem,7) Raghunadha palem.dwg,7) Raghunadha palem-Model.pdf
GUNDLAPALLI,8) GUNDLAPALLI.dwg,8) GUNDLAPALLI-Model.pdf
MATTAPALLI,9) MATTAPALLI.dwg,9) MATTAPALLI-Model.pdf
GUNDEBOYIGUDEM,10) GUNDEBOYIGUDEM.dwg,10) GUNDEBOYIGUDEM-Model.pdf
RAVIPAHAD,11) RAVIPAHAD.dwg,11) RAVIPAHAD-Model.pdf
MAHANKALI GUDEM,12) MAHANKALI GUDEM.dwg,12) MAHANKALI GUDEM-Model.pdf
VADAPALLI,13) VADAPALLI.dwg,13) VADAPALLI-Model.pdf
IRIKIGUDEM,14) IRIKIGUDEM.dwg,14) IRIKIGUDEM-Model.pdf
new menu,custom menu,,,,
Base Cum Site Map,,Auto cad MAP,PCP FRL map(AO PAPER)  2023-V2.dwg,,
Base Cum Site Map,,PDF Image,PCP FRL map 2023-V1-Model.pdf,,
TBM Map,,Auto cad MAP,BOUNDARY MAP.dwg,,
TBM Map,,PDF Image,BOUNDARY MAP-Model.pdf,,
